doc_id,title,publisher,doc_type,lang,doc_version,publication_date,effective_date,source_url,landing_url,retrieved_on,file_format,n_pages,has_text_layer,has_tables,provenance_tier,license_note,role,version_group,doc_status,status_checked_on,sha256_raw,sha256_text,owner,notes
moet-tt08-2021,Quy chế đào tạo trình độ đại học (kèm Thông tư 08/2021/TT-BGDĐT),Bộ Giáo dục và Đào tạo (MOET),regulation,vi,2021-03-18,2021-03-18,2021-05-03,https://vbpl.vn/FileData/TW/Lists/vbpq/Attachments/147704/VanBanGoc_08-2021-TT-BGD%C4%90T%20full.pdf,,2026-09-21,pdf,25,yes,yes,A,Public legal document; keep out of public repo,indexed,moet-undergrad-regulation,superseded,2026-10-07,897169d108a247657f0f978d3251577ab5c15a66c5ea6b18a66ec171e8ed9695,7de83c107140531fe2a2325cadfda494dd29e17b55349a5df421e55f67e2cfdc,Tommy,"CLEAN digital text (born-digital, no images, 25/25 text pages, vi_diacritic_ratio 0.31). Effective date confirmed in text: 'hiệu lực thi hành từ ngày 03 tháng 5 năm 2021'. Structure-aware chunking viable: 5 Chương / 26 Điều. 1 page has a ruled table (3 rows). STILL TO DO before freezing: check online that no newer circular replaced/amended it, then set doc_status + status_checked_on. UPDATE 2026-10-07: source_url now returns HTTP 404 (vbpl.vn FileData links are dead; the new vbpl.moj.gov.vn host does not resolve). The file in data/raw is still authoritative - sha256_raw pins it. SUPERSEDED (checked 2026-10-07): replaced by Thông tư 56/2026/TT-BGDĐT, effective 07/7/2026 (per Điều 2 of TT56: 'có hiệu lực thi hành từ ngày 07 tháng 7 năm 2026, thay thế Thông tư số 08/2021/TT-BGDĐT'). Verified changes: national cap on consecutive academic warnings 2 -> 3; warnings now issued 'Cuối năm học' instead of 'Cuối mỗi học kỳ chính'. Unchanged: semester-GPA thresholds 0,80/1,00; letter grade A 8,50-10,0. Keep indexed as the stale half of a version pair once TT56 has a clean copy."
iu-acad-reg-2021,Regulations on formal undergraduate education applying the academic credit system at IU - VNU-HCM (Decision 719/QĐ-ĐHQT),International University - VNU-HCM,regulation,en,2021-12-06,2021-12-06,2021-12-06,https://cem.hcmiu.edu.vn/wp-content/uploads/2023/09/Exh.1.43.-IU-academic-regulation-under-credit-system.pdf,,2026-09-21,pdf,25,yes,yes,A,unspecified - local research use,indexed,iu-undergrad-regulation,unknown,2026-10-07,238b43ac51c9f95031210fb5816ad801d03d0635bd05a97159e658b38e0b1d13,16af9a9a821c604d7a5b8b272ed73a9fb7f92fd0fb072112d7bab2bd28645423,Tommy,"CLEAN digital text (MS Word export, 25/25 text pages). Header confirms 'No: 719/QĐ-ĐHQT, December 6, 2021'. effective_date = signing date, per text 'takes effect on the date of its signing'. Structure: 27 Articles -> structure-aware chunking viable. Tables on 2 pages (19 rows). STILL TO DO: check hcmiu.edu.vn for a later amended version before marking current. CURRENCY CHECK 2026-10-07: web search found no newer edition/replacement (search coverage of Vietnamese university sites is weak - not proof). NOTE: Thông tư 56/2026/TT-BGDĐT (07/7/2026) replaced the national framework this regulation implements; universities are expected to revise their own regulations to match, so a replacement is likely soon - recheck monthly."
iu-scse-handbook-2024,School of Computer Science and Engineering Handbook 2024-2025,International University - VNU-HCM (SCSE),handbook,en,2024-2025,2024-08-26,2024-09,https://it.hcmiu.edu.vn/wp-content/uploads/2024/09/HCMIU-SCSE-Handbook-2024-2025-26082024.docx-11.pdf,https://it.hcmiu.edu.vn,2026-09-21,pdf,41,partial,yes,A,unspecified - local research use,indexed,iu-scse-handbook,current,2026-10-07,e50b99dd1d7989426cce196eaa224ab08ee96bd3863a912c6319f31103baab47,66f81845f39c6ba46ac8721c1ba568b2eba8ab62953cb5d586baa1ed42dba576,Tommy,"Google-Docs PDF export. TEXT LAYER PARTIAL: 35/41 pages carry text, 6 pages are image-only (20 embedded images) - identify which before writing questions about them. RICHEST TABLE SOURCE in the corpus: 15 pages with ruled tables, 217 rows total -> main source for table_numeric questions, and the document most likely to break a naive text extractor. NO Điều/Article markers: needs heading-based splitting, not the legal-article splitter. Text confirms 'applied from September 2024'. STILL TO DO: check it.hcmiu.edu.vn for a newer edition. UPDATE 2026-10-07: newest edition found (no 2025-2026 edition on it.hcmiu.edu.vn per web search) -> current; its predecessor iu-scse-handbook-2023 is now in the corpus as a version pair."
iu-reg-credit-2021-vi,Quy chế đào tạo đại học hệ tín chỉ 2021 (bản tiếng Việt),International University - VNU-HCM,regulation,vi,2021,2021,,,https://iem.hcmiu.edu.vn/?p=6640,2026-09-21,pdf,14,no,,A,unspecified - local research use,excluded,iu-undergrad-regulation,unknown,2026-09-22,34351bf0ff92a27cc26ebabbd7c57ae8188646b758a69d143959c9ef3dcb624a,,Tommy,"EXCLUDED FROM v0 - NO TEXT LAYER. Scanned on a Canon device, 14 images / 14 pages, 0 fonts, extractor produced 26 characters total. Not OCR'd at all. The intended vi/en parallel pair with iu-acad-reg-2021 is therefore NOT available yet. Options: (a) find a born-digital Vietnamese copy of Decision 719, (b) OCR with Tesseract vie (v1 stretch). Set role=indexed again only after a real text layer exists and doc_version is bumped."
vnuhcm-student-affairs-953-2019,"Quy chế công tác sinh viên ĐHQG-HCM (Quyết định 953, 15/07/2019)",Đại học Quốc gia TP.HCM (VNU-HCM),regulation,vi,2019-07-15,2019-07-15,,,https://iem.hcmiu.edu.vn/?p=6640,2026-09-21,pdf,19,no,,A,unspecified - local research use,excluded,vnuhcm-student-affairs,unknown,2026-09-22,adaecaa967cb90f1fe947978cdc25378d61708aa7f82c5a186fb79ddd0308861,,Tommy,"EXCLUDED FROM v0 - TEXT LAYER PRESENT BUT GARBLED. Canon scan + built-in OCR with NO Vietnamese language pack: 41,255 chars extracted but vi_diacritic_ratio = 0.0000. Sample: 'DAI HQC QUOC GIA ... QUYfr DINH ... 56: 55jIQD-DHQG' (should read 'ĐẠI HỌC QUỐC GIA ... QUYẾT ĐỊNH ... Số: 953/QĐ-ĐHQG'). DANGEROUS: extract_text.py printed 'ok' for this file because warn() never checks vi_diacritic_ratio - see notes to the team. Needs a clean re-OCR (Tesseract vie) or a born-digital copy from vnuhcm.edu.vn."
iu-qd266-scholarship,Quy định chính sách và học bổng (Quyết định 266),International University - VNU-HCM,regulation,vi,2008-09-05,,,,https://iem.hcmiu.edu.vn/?p=6640,2026-09-21,pdf,6,no,,A,unspecified - local research use,excluded,,unknown,2026-09-22,42f3f1475f23b368af5db16c6109ec1a7c49974a4eb3a774fbf93e7232569ec6,,Tommy,"EXCLUDED FROM v0 - NO TEXT LAYER. Pure image scan (HP scanner -> Adobe PDF Library), 6 images / 6 pages, 0 fonts, extractor produced 10 characters. Language/year/in-force status remain UNVERIFIED because the content cannot be read programmatically. Needs OCR (Tesseract vie) before any of that can be filled in."
iu-qd486-tuition,"Thông báo hướng dẫn thực hiện chính sách miễn, giảm học phí, áp dụng từ học kỳ II năm học 2014-2015 (Thông báo số 1181-TB/ĐHQT-CTSV)",International University - VNU-HCM (Phòng Công tác sinh viên),other,vi,2014-11-04,2014-11-04,2015,,https://iem.hcmiu.edu.vn/?p=6640,2026-09-21,pdf,5,no,,A,unspecified - local research use,excluded,,superseded,2026-09-22,bd5e38ba0a2805ae7293fe4a6729d69725ab5b4351b2278b03e44f15283d9689,,Tommy,"EXCLUDED FROM v0 - MISIDENTIFIED AND GARBLED. (1) This is NOT Quyết định 486: the string '486' does not occur anywhere in the file. It is Thông báo 1181-TB/ĐHQT-CTSV dated 04/11/2014, a notice (not a decision) on tuition exemption for semester II of 2014-2015 -> doc_type changed to 'other', doc_status=superseded (the document scopes itself to one semester, 11 years ago). doc_id is now a misnomer; renaming is safe ONLY while no test question cites it. (2) Canon scan + non-Vietnamese OCR: 8,213 chars, vi_diacritic_ratio = 0.0000, reading order scrambled across table cells."
iu-student-rules-2009,International University Student Rules (updated August 2009),International University - VNU-HCM,regulation,vi,2009-08,2009-08,,,https://iem.hcmiu.edu.vn/?p=6640,2026-09-21,pdf,2,no,,A,unspecified - local research use,excluded,iu-student-rules,unknown,2026-09-22,23f1d57100fd33f83c64fc2cfb0b6d90a4ad2e68559f8f6f71ed4de2b6ec5bee,,Tommy,"EXCLUDED FROM v0 - NO TEXT LAYER, and too short anyway. Pure image scan, 2 images / 2 pages, 0 fonts, extractor produced 2 characters. Only 2 pages, below the guide's ~5-page minimum. lang left as 'vi' (the seeded guess) because the schema has no 'unknown' value - UNVERIFIED, unverifiable without OCR. The planned version_conflict pair (2009 rules vs 2021 regulation) is therefore NOT available; find a different stale/current pair (e.g. two adjacent UMN handbook years, which that site archives)."
hcmut-master-reg-2022,"Quy định về tổ chức và quản lý đào tạo trình độ thạc sĩ (Quyết định 1216/QĐ-ĐHBK-ĐTSĐH, 18/04/2022)",HCMC University of Technology - VNU-HCM,regulation,vi,2022-04-18,2022-04-18,2022-04-18,,https://sim.hcmut.edu.vn/en/?p=11611,2026-09-22,pdf,26,yes,yes,A,unspecified - local research use,holdout,hcmut-master-regulation,unknown,2026-10-07,c2991a8c6340bdde1afdb41fa8a01406c488fbdfd82759997a83d096c4fee8c4,89249cb7e3444230f46e387a41009adc8438d9ecc02d9e9e2c4f2a4da569b28e,Tommy,"UN-PARKED: the download succeeded on 2026-09-22 (the site was under maintenance the day before), so role goes back to holdout as originally intended. CLEAN digital text (MS Word export, 26/26 text pages, vi_diacritic_ratio 0.31). Header confirms Decision 1216/QĐ-ĐHBK-ĐTSĐH, 18/04/2022. Effective per text: 'hiệu lực thi hành kể từ ngày ký'. Structure: 9 Chương / 40 Điều. HELD OUT - never index. Graduate-level Vietnamese rules at a sibling VNU-HCM school = ideal holdout_only questions (plausible for a VNU-HCM student to ask, answer exists, but not in our indexed corpus). CURRENCY CHECK 2026-10-07: web search found no newer edition/replacement (search coverage of Vietnamese university sites is weak - not proof)."
umn-cs-grad-handbook-2023,Computer Science & Engineering Graduate Student Handbook 2023-24,University of Minnesota,handbook,en,2023-2024,2023,,,https://cse.umn.edu/cs/graduate-handbook,2026-09-21,pdf,64,partial,yes,A,unspecified - local research use,holdout,umn-cs-grad-handbook,superseded,2026-09-22,5466d7d93c03661a70cebe638ad8064962f60980b6ee0492f663f8798367bf83,42c78770199a2e62e469f8952aee121e47187d383315e0c1d506f6d32fc2f129,Tommy,"HELD OUT - never index. Google-Docs PDF export, 64 pages, 55/64 pages carry text (9 image-only pages, 11 images). Cover text confirms '2023-2024 Graduate Student Handbook'. doc_status=superseded: the source page archives one handbook per year and 2023-24 is not the current one. NOTE: this file's sha256 was previously also sitting in the vnu-starter-pack-2025 slot (same download saved twice) - fixed 2026-09-22. That archive page is the best available source for a VERSION PAIR (two adjacent years of the same handbook) now that iu-student-rules-2009 is unusable."
vnu-starter-pack-2025,Vietnam Starter Pack for International Students (2025 Edition),"Vietnam National University, Hanoi (VNU)",handbook,en,2025,2025,,https://cdnportal.vnu.edu.vn/data/2/documents/2025/11/26/upload_6/global-student-handbook-final.pdf,https://en.vnu.edu.vn/student-life/international-students,2026-09-22,pdf,12,partial,yes,A,unspecified - local research use,holdout,vnu-starter-pack,current,2026-10-07,d2b3dc4ba4553c264bb57dea17154f282a0add1ff47de7641eaff08c85cf1ddf,16a0aa98fb784e941fcc9739a4995069991fc5a0ab7b7320347df35657e050ce,Tommy,"RE-DOWNLOADED 2026-09-22: the previous file in this slot was a duplicate of umn-cs-grad-handbook-2023 (identical sha256) - the wrong file had been saved here. Correct file is 12 pages (not 64), InDesign-designed brochure, 11/12 pages carry text (page 1 is cover art), 39 images, clean English. HELD OUT - never index. Content is student life / visas / transport / culture, NOT academic rules -> use it for holdout_only questions in that area. Being a designed brochure with heavy layout, its reading order is the most likely in the corpus to come out scrambled: spot-check extracted text before using a quote as gold evidence. CURRENCY CHECK 2026-10-07: 2025 Edition is still the one linked from en.vnu.edu.vn/student-life/international-students -> current."
iu-scse-handbook-2023,School of Computer Science and Engineering Handbook 2023-2024,International University - VNU-HCM (SCSE),handbook,en,2023-2024,2023-09-13,2023-09,https://it.hcmiu.edu.vn/wp-content/uploads/2023/09/HCMIU-SCSE-Handbook-2023-2024-Update-13_9_23.docx.pdf,https://it.hcmiu.edu.vn,2026-10-07,pdf,44,partial,yes,A,unspecified - local research use,indexed,iu-scse-handbook,superseded,2026-10-07,519cd51b62cb2d76a5374ec969ba0343ce7ce03d022d5e2153df8bf46e91567e,8ade5713f24764feef8d6407eb0d046d9f3b57200ab465718679d7fc73656b5a,Tommy,"VERSION PAIR with iu-scse-handbook-2024 (same version_group) - source for version_conflict questions. Verified changes: CS credits required before thesis 120 -> 108, DS 109 -> 107, CE 125 -> 126; CS total '136 or 137' -> 136. Google-Docs export, 35/44 text pages. Its year-4 roadmap table extracts with interleaved columns (a 'GPA < 70' thesis-eligibility rule comes out self-contradictory) - do not quote that table. TLS NOTE: it.hcmiu.edu.vn serves an incomplete certificate chain (Sectigo DV R36 intermediate missing); downloaded with the intermediate fetched from the cert's AIA URL, verification ON. Publication date from file name ('Update-13_9_23')."
uit-acad-reg-2022,"Quy chế đào tạo theo học chế tín chỉ cho hệ đại học chính quy của Trường Đại học Công nghệ Thông tin (Quyết định 790/QĐ-ĐHCNTT, 28/9/2022)",Trường Đại học Công nghệ Thông tin - ĐHQG-HCM (UIT),regulation,vi,2022-09-28,2022-09-28,2022-2023 HK1,https://daa.uit.edu.vn/sites/daa/files/202309/790-qd-dhcntt_28-9-22_quy_che_dao_tao.pdf,https://daa.uit.edu.vn,2026-10-07,pdf,27,yes,yes,A,unspecified - local research use,indexed,uit-undergrad-regulation,unknown,2026-10-07,7cd30123f7178f408bc17cf28a9ce8d2dfb2a54ec2777853a1bf22e326b8aa7b,7deebd64fe2aa0cb6120687f3e5335922f3db3b40f65c4c1f564e6364ba4b1d8,Tommy,"Born-digital (MS Word), 27/27 text pages, vi_diacritic_ratio 0.30. Effective per text: 'hiệu lực kể từ học kỳ 1 năm học 2022-2023'. Sibling VNU-HCM school: a SECOND institution's undergraduate rules on the same topics as IU/MOET (warnings, grading, credits) -> questions must name the school, and it is a realistic cross-institution distractor. Same document also hosted at student.uit.edu.vn. STILL TO DO: check daa.uit.edu.vn for an amendment after 2022. CURRENCY CHECK 2026-10-07: web search found no newer edition/replacement (search coverage of Vietnamese university sites is weak - not proof). NOTE: Thông tư 56/2026/TT-BGDĐT (07/7/2026) replaced the national framework this regulation implements; universities are expected to revise their own regulations to match, so a replacement is likely soon - recheck monthly."
hcmus-acad-reg-2021,"Quy chế đào tạo trình độ đại học (Quyết định 1175/QĐ-KHTN, 24/9/2021)",Trường Đại học Khoa học Tự nhiên - ĐHQG-HCM (HCMUS),regulation,vi,2021-09-24,2021-09-24,2021-09-24,https://www.ctda.hcmus.edu.vn/wp-content/uploads/2023/03/Quy-che-dao-tao-2021.pdf,https://www.ctda.hcmus.edu.vn,2026-10-07,pdf,18,yes,yes,A,unspecified - local research use,indexed,hcmus-undergrad-regulation,unknown,2026-10-07,951eb00d75e0517040291d2e07a6b33f2650bb861fbd313977000943448626dd,a686ae05751e4c2295a2636279211b777ca5500d41926394087754b71f970d52,Tommy,"Text layer clean (18/18 pages, vi_diacritic_ratio 0.30) but produced by 'Microsoft: Print To PDF', not a native export. Effective per text: 'hiệu lực kể từ ngày ký'. Hosted on the HCMUS FIT advanced-programs subsite (ctda.hcmus.edu.vn), still the issuing university's domain -> tier A. PyMuPDF find_tables flags ALL 18 pages - almost certainly a page frame, not real tables; the real table is the 10/4/letter grade conversion. STILL TO DO: check hcmus.edu.vn for a newer regulation. CURRENCY CHECK 2026-10-07: web search found no newer edition/replacement (search coverage of Vietnamese university sites is weak - not proof). NOTE: Thông tư 56/2026/TT-BGDĐT (07/7/2026) replaced the national framework this regulation implements; universities are expected to revise their own regulations to match, so a replacement is likely soon - recheck monthly."
hcmus-student-handbook-2023,Sổ tay sinh viên năm học 2023-2024,Trường Đại học Khoa học Tự nhiên - ĐHQG-HCM (HCMUS),handbook,vi,2023-2024,2023,2023-2024,https://www.ctda.hcmus.edu.vn/wp-content/uploads/2024/10/So-tay-Sinh-vien-Online-Nam-hoc-2023-2024-da-nen.pdf,https://www.ctda.hcmus.edu.vn/vi/goc-sinh-vien/so-tay-sinh-vien/,2026-10-07,pdf,156,partial,yes,A,unspecified - local research use,indexed,hcmus-student-handbook,superseded,2026-10-07,aa970e49eddd6243ec82e34db42fc86b6f00519ee3f37afec4c2ee3700d051fc,4caa43bd3d0b6d00623f7242f4a2ba48beffc43814b4e0890a745baf9ffc4c71,Tommy,"VERSION PAIR with hcmus-student-handbook-2025 (Vietnamese side; differences not yet diffed - do that before writing version_conflict questions). 153/156 text pages, 35 pages with tables. Large omnibus handbook: embeds several regulations (exam rules, student affairs, scholarships) -> biggest single source of Vietnamese procedure/student-life questions. Title repeated 4x on the cover page (repeated headers end up in chunks). Fragmented text on pages 48, 61, 65, 111, 150-154 (tables/back matter)."
hcmus-student-handbook-2025,Sổ tay sinh viên năm học 2025-2026,Trường Đại học Khoa học Tự nhiên - ĐHQG-HCM (HCMUS),handbook,vi,2025-2026,2025-08,2025-2026,https://hcmus.edu.vn/wp-content/uploads/2025/08/STSV2025_ONLINE.pdf,https://hcmus.edu.vn/so-tay-sinh-vien-online-nam-hoc-2025-2026/,2026-10-07,pdf,179,partial,yes,A,unspecified - local research use,indexed,hcmus-student-handbook,current,2026-10-07,9481c8545f68025800d4b3f4e173752b9731ce451b1c98a42a2cd4e748ba2a28,265f12d604aa8fb48bde41e2580682d1866584245cdfb27891d425566caea5cd,Tommy,"Newest edition linked from the official HCMUS page on 2026-10-07 (no 2026-2027 edition found). 174/179 text pages, 54 pages with tables, 1,106 embedded images, 37 MB, assembled with iLovePDF. Pages 51-52 are badly fragmented (~50% single-character tokens) - avoid quoting them. Superseded predecessor: hcmus-student-handbook-2023. EXTRACTION DEFECT: word spaces are lost in parts of the text (81 tokens of >=20 letters, e.g. 'ooThẻKiếnSauhệsáchPhòng'; shorter glued Vietnamese like 'Côngtácsinhviênnộitrú' is not even counted). Glued words are invisible to BM25 and to grep for the separated phrase. Spot-check any quote from this file; a better parser (layout-aware) would bump doc_version."
ussh-student-handbook-2021,Sổ tay sinh viên khóa đào tạo 2021-2025,Trường Đại học Khoa học Xã hội và Nhân văn - ĐHQG-HCM (USSH),handbook,vi,2021-2025,2021-09-09,2021-2022,https://hcmussh.edu.vn/static/document/09.9.2021%20SO%20TAY%20SINH%20VIEN%202021%20_Final-m%C3%A0u_.pdf,https://hcmussh.edu.vn,2026-10-07,pdf,150,partial,yes,A,unspecified - local research use,indexed,ussh-student-handbook,unknown,2026-10-07,bf32f6c04b75aac62d40302da664e84333fac8e35ccb2f0d043d04e481ea8359,f722e586fd110a84b4f59631303e66f73fd5931dd7101db24f46379f1c73652b,Tommy,"135/150 text pages (designed brochure; cover/decorative pages fragment, e.g. 'Dụ òngi ... Tân sinh viê'). Body text clean (vi_diacritic_ratio 0.27), incl. a student-discipline table (violation -> sanction). Fragmented pages: 109, 143-145. Publication date from file name. Previous edition also available (So tay sinh vien 2020 2021, same site) - a second Vietnamese version-pair candidate, not downloaded. Likely superseded by later cohorts' handbooks - check before marking current. CURRENCY CHECK 2026-10-07: no newer USSH handbook found by web search, but this edition targets the 2021-2025 cohort, which has graduated - treat as likely superseded."
mit-eecs-catalog-2026,MIT Course Catalog - Department of Electrical Engineering and Computer Science (2026-2027),Massachusetts Institute of Technology,other,en,2026-2027,2026-10-06,2026-2027,https://catalog.mit.edu/schools/engineering/electrical-engineering-computer-science/electrical-engineering-computer-science.pdf,https://catalog.mit.edu/schools/engineering/electrical-engineering-computer-science/,2026-10-07,pdf,89,yes,yes,A,unspecified - local research use,holdout,mit-eecs-catalog,current,2026-10-07,2535d72c32d45479549f86fcb83a131345b09c0e58b7612dfe1c28e2bda48503,ae119f04025d4ea3b3ba7d6836014c280637286485148d247f05cc5a1adc4a6e,Tommy,"HELD OUT - never index. The PDF is GENERATED ON DEMAND from the live catalog (creationDate 2026-10-06): downloading again later can yield different bytes, so sha256_raw pins this snapshot. Mostly degree requirements + subject descriptions; course codes and units ('6.1010', '3-0-3') look like fragmented text to naive heuristics but are fine. Use for holdout_only questions about credit/unit limits and degree structure that IU documents answer differently or not at all."
princeton-cos-iw-handbook-2024,"A.B. Majors Independent Work & Thesis Handbook, Computer Science Department (updated August 2024)","Princeton University, Department of Computer Science",handbook,en,2024-2025,2024-08,2024-2025,https://www.cs.princeton.edu/sites/default/files/2024-09/cos-ab-iw-handbook-2024-25.pdf,https://www.cs.princeton.edu,2026-10-07,pdf,42,partial,yes,A,unspecified - local research use,holdout,princeton-cos-iw-handbook,superseded,2026-10-07,27b38e29b21f33deba6b2a1b02b8f523875bcfe40376555f1b9cfbc06b11e46c,02ed7ee450b1dd7924190a5ea3e7ee1fa40f2c1dc8b81f57a0d5605f04782e31,Tommy,"HELD OUT - never index. Google-Docs export, 40/42 text pages, clean. Thesis/independent-work rules - a natural holdout counterpart to IU's thesis questions (TM-002/TM-008 topic): plausible thesis questions whose answers exist only here. The 2025-26 edition URL guessed by pattern returned 404 - check cs.princeton.edu for a newer edition. SUPERSEDED (checked 2026-10-07): a 2025-26 edition exists at https://csguide.cs.princeton.edu/sites/default/files/2025-08/COS_AB_IW_Handbook_2025-26.pdf (note: different host, csguide.cs.princeton.edu) - candidate holdout version pair; also a separate B.S.E. handbook exists."
gatech-cs-catalog-2026,Georgia Tech Catalog - School of Computer Science (2026-2027),Georgia Institute of Technology,other,en,2026-2027,2026-09-04,2026-2027,https://catalog.gatech.edu/colleges/computing/computer-science/computer-science.pdf,https://catalog.gatech.edu/colleges/computing/computer-science/,2026-10-07,pdf,12,yes,no,A,unspecified - local research use,holdout,gatech-cs-catalog,current,2026-10-07,1317c5b30751a9b699b51b0ffb40ec7d475d1925546642f6a2fcdd7240968255,93fdd207f7e88c7d707f6ba13bfc878fc95a8fa3c06ee94b0fb4207c88de53af,Tommy,"HELD OUT - never index. Generated on demand from the live catalog (creationDate 2026-09-04). Clean text, 12/12 pages. CONTAINS 70 TYPOGRAPHIC LIGATURE CHARACTERS (U+FB01 'ﬁ' etc.: 'Artiﬁcial', 'Ofﬁcer'): canonical text keeps them because normalize_text uses NFC, not NFKC - a quote typed with plain 'fi' will not match exactly, and BM25 will not match 'artificial'. Edition year inferred from the generation date."
moet-tt56-2026,Quy chế đào tạo trình độ đại học (kèm Thông tư 56/2026/TT-BGDĐT),Bộ Giáo dục và Đào tạo (MOET),circular,vi,2026-07-07,2026-07-07,2026-07-07,https://drive.google.com/file/d/1gIMeyACH6aPYqbrsbsH2HFdVOH6XKoWW/view,https://cel.neu.edu.vn/2026/09/18/thong-tu-ban-hanh-quy-che-dao-tao-trinh-do-dai-hoc/,2026-10-07,pdf,24,partial,yes,B,Public legal document; keep out of public repo,excluded,moet-undergrad-regulation,current,2026-10-07,99e4590d395193e200bc75c7a3649a1eaee8714aa6a5a47259c36b2aa5e83279,,Tommy,"EXCLUDED FOR NOW - right document, wrong copy. This is the CURRENT national undergraduate regulation (replaces moet-tt08-2021 from 07/7/2026), but this copy is a scan + Vietnamese OCR posted on Google Drive and linked from cel.neu.edu.vn (tier B mirror, uploader unverified): pages 18-24 have NO text, OCR errors occur ('Luật s6'), and the circular number/date fields are blank ('Số: /2026') - possibly a pre-signature copy. ACTION: find a born-digital official copy (Công báo / vanban.chinhphu.vn), then add it as role=indexed, doc_status=current, and re-check every test question citing moet-tt08-2021. Used only as a secondary reference to identify changed facts (see moet-tt08-2021 notes)."
